"Timestamp","sessionID","playerDead","currLevel","playerX","playerY","build"
"2024/10/29 3:37:02 AM PDT","638657697838830000","Player2","Level3","-23.00408","-18.57802","1"
"2024/10/29 3:37:57 AM PDT","638657697838830000","Player1","Level2","24.41311","19.14868","1"
"2024/10/29 3:47:16 AM PDT","638657701883760000","Player2","Level1","-3.589627","-13.55406","1"
"2024/10/29 1:55:08 PM PDT","638658068334840000","Player1","Level1","-17.70001","14.57225","1"
"2024/10/29 1:55:52 PM PDT","638658068334840000","Player1","Level1","-18.29996","14.50999","1"
"2024/10/29 1:56:51 PM PDT","638658068334840000","Player2","Level1","-0.7708482","-11.94201","1"
"2024/10/29 1:57:01 PM PDT","638658069458620000","Player2","Level1","-2.890002","-14.554","1"
"2024/10/29 1:57:02 PM PDT","638658068334840000","Player1","Level1","-20.10001","-2.516505","1"
"2024/10/29 1:57:16 PM PDT","638658069458620000","Player2","Level1","-1.090207","-11.866","1"
"2024/10/29 1:57:20 PM PDT","638658069458620000","Player1","Level1","-27.29999","-2.510018","1"
"2024/10/29 1:57:27 PM PDT","638658069458620000","Player1","Level1","-18.29996","14.50999","1"
"2024/10/29 1:58:40 PM PDT","638658070748710000","Player1","Level1","-18.29996","14.50999","1"
"2024/10/29 2:03:47 PM PDT","638658073610220000","Player1","Level1","-21.14324","-1.995546","1"
"2024/10/29 2:03:54 PM PDT","638658073610220000","Player1","Level1","-21.24219","-2.363043","1"
"2024/10/29 2:04:18 PM PDT","638658073610220000","Player1","Level1","31.51","18.738","1"
"2024/10/29 2:04:25 PM PDT","638658073610220000","Player1","Level1","-13.7","14.73949","1"
"2024/10/29 2:04:34 PM PDT","638658073610220000","Player1","Level1","-5.536384","14.57224","1"
"2024/10/29 2:04:58 PM PDT","638658073610220000","Player1","Level1","20.95658","18.71398","1"
"2024/10/29 2:05:21 PM PDT","638658073610220000","Player1","Level1","31.44249","18.714","1"
"2024/10/29 2:05:39 PM PDT","638658073610220000","Player2","Level1","-0.7024239","-11.94201","1"
"2024/10/29 2:06:37 PM PDT","638658071795370000","Player1","Level2","0.5099467","1.286007","1"
"2024/10/29 2:06:46 PM PDT","638658071795370000","Player1","Level2","-15.53228","0.5868083","1"
"2024/10/29 2:07:14 PM PDT","638658071795370000","Player1","Level2","19.54667","18.56931","1"
"2024/10/29 2:07:21 PM PDT","638658071795370000","Player1","Level2","-26.29999","0.5899801","1"
"2024/10/29 2:07:21 PM PDT","638658071795370000","Player2","Level2","-26.37185","-0.773992","1"
"2024/10/29 2:07:42 PM PDT","638658071795370000","Player1","Level2","19.75","3.640615","1"
"2024/10/29 2:08:07 PM PDT","638658071795370000","Player1","Level2","21.51075","4.286006","1"
"2024/10/29 2:08:15 PM PDT","638658071795370000","Player1","Level2","-2.571345","1.43946","1"
"2024/10/29 2:08:39 PM PDT","638658071795370000","Player1","Level2","20.16395","3.236848","1"
"2024/10/29 2:08:53 PM PDT","638658071795370000","Player1","Level2","22.11","4.286011","1"
"2024/10/29 2:09:01 PM PDT","638658071795370000","Player1","Level2","-9.769577","12.65203","1"
"2024/10/29 2:09:07 PM PDT","638658071795370000","Player1","Level2","-11.81407","18.57203","1"
"2024/10/29 2:09:10 PM PDT","638658071795370000","Player2","Level2","-25.49262","-18.55001","1"
"2024/10/29 2:09:15 PM PDT","638658071795370000","Player2","Level2","-26.29999","-0.901992","1"
"2024/10/29 2:09:42 PM PDT","638658071795370000","Player1","Level2","20.16395","3.236694","1"
"2024/10/29 2:10:00 PM PDT","638658071795370000","Player1","Level2","-11.37337","20.06933","1"
"2024/10/29 2:10:08 PM PDT","638658071795370000","Player1","Level2","-2.359067","0.4733648","1"
"2024/10/29 2:10:30 PM PDT","638658071795370000","Player1","Level2","19.74992","3.640486","1"
"2024/10/29 2:10:56 PM PDT","638658071795370000","Player1","Level2","31.51","18.714","1"
"2024/10/29 2:10:57 PM PDT","638658071795370000","Player2","Level2","-26.29262","-0.4899871","1"
"2024/10/29 2:12:06 PM PDT","638658071795370000","Player1","Level2","21.51","18.81003","1"
"2024/10/29 2:12:25 PM PDT","638658071795370000","Player1","Level2","23.90998","19.13667","1"
"2024/10/29 2:12:30 PM PDT","638658071795370000","Player2","Level2","-25.49","-18.61202","1"
"2024/10/29 2:12:31 PM PDT","638658071795370000","Player2","Level2","-26.29999","-0.489992","1"
"2024/10/29 2:12:33 PM PDT","638658071795370000","Player1","Level2","-26.29999","0.6699801","1"
"2024/10/29 2:13:03 PM PDT","638658071795370000","Player1","Level2","22.94613","4.286033","1"
"2024/10/29 2:16:42 PM PDT","638658081155480000","Player1","Level1","-27.29999","-2.510018","1"
"2024/10/29 2:16:44 PM PDT","638658081155480000","Player1","Level1","-25.57038","-1.65205","1"
"2024/10/29 2:16:45 PM PDT","638658081155480000","Player1","Level1","-27.35497","-2.510058","1"
"2024/10/29 2:16:46 PM PDT","638658081155480000","Player1","Level1","-27.33222","-2.510019","1"
"2024/10/29 2:16:53 PM PDT","638658081155480000","Player1","Level1","-18.43124","14.50999","1"
"2024/10/29 2:16:58 PM PDT","638658081155480000","Player1","Level1","-18.29996","14.50999","1"
"2024/10/29 2:17:08 PM PDT","638658081155480000","Player1","Level1","-27.29999","-2.510018","1"
"2024/10/29 2:17:12 PM PDT","638658081155480000","Player1","Level1","-18.30359","14.50999","1"
"2024/10/29 2:17:24 PM PDT","638658081155480000","Player1","Level1","-18.29406","14.50999","1"
"2024/10/29 2:17:27 PM PDT","638658081155480000","Player1","Level1","-24.69949","-1.652049","1"
"2024/10/29 2:17:30 PM PDT","638658081155480000","Player1","Level1","-18.30115","14.50999","1"
"2024/10/29 2:17:41 PM PDT","638658081155480000","Player1","Level1","-16.90401","14.57225","1"
"2024/10/29 2:18:08 PM PDT","638658081155480000","Player2","Level1","-2.864862","-14.554","1"
"2024/10/29 2:18:13 PM PDT","638658081155480000","Player1","Level1","-18.29804","14.50999","1"
"2024/10/29 2:18:22 PM PDT","638658081155480000","Player2","Level1","-2.782811","-11.94201","1"
"2024/10/29 2:18:37 PM PDT","638658081155480000","Player1","Level1","-1.294087","-10.50997","1"
"2024/10/29 2:19:24 PM PDT","638658081155480000","Player1","Level1","29.05924","19.382","1"
"2024/10/29 2:20:09 PM PDT","638658081155480000","Player2","Level2","-20.19276","-1.167521","1"
"2024/10/29 2:20:12 PM PDT","638658081155480000","Player2","Level2","-26.67625","-18.714","1"
"2024/10/29 2:20:12 PM PDT","638658081155480000","Player1","Level2","-26.29262","0.4899754","1"
"2024/10/29 2:20:17 PM PDT","638658081155480000","Player1","Level2","-11.49036","18.722","1"
"2024/10/29 2:20:26 PM PDT","638658081155480000","Player1","Level2","-11.49001","18.722","1"
"2024/10/29 2:20:28 PM PDT","638658081155480000","Player2","Level2","-28.27185","-18.714","1"
"2024/10/29 2:20:29 PM PDT","638658081155480000","Player1","Level2","-26.29078","0.4899754","1"
"2024/10/29 2:20:30 PM PDT","638658081155480000","Player2","Level2","-26.45999","-0.4899921","1"
"2024/10/29 2:20:32 PM PDT","638658081155480000","Player2","Level2","-26.29999","-0.489992","1"
"2024/10/29 2:20:35 PM PDT","638658081155480000","Player1","Level2","-26.36577","0.4899798","1"
"2024/10/29 2:20:36 PM PDT","638658081155480000","Player1","Level2","-26.29999","0.4899802","1"
"2024/10/29 2:20:40 PM PDT","638658081155480000","Player1","Level2","-11.49001","18.60599","1"
"2024/10/29 2:20:41 PM PDT","638658081155480000","Player1","Level2","-26.29262","0.4899754","1"
"2024/10/29 2:20:45 PM PDT","638658081155480000","Player1","Level2","-11.49","18.722","1"
"2024/10/29 2:20:48 PM PDT","638658081155480000","Player2","Level2","-30.5","-18.854","1"
"2024/10/29 2:20:48 PM PDT","638658081155480000","Player1","Level2","-25.98312","0.7860012","1"
"2024/10/29 2:20:50 PM PDT","638658081155480000","Player1","Level2","-26.29528","0.4899694","1"
"2024/10/29 2:20:53 PM PDT","638658081155480000","Player2","Level2","-30.5","-18.714","1"
"2024/10/29 2:20:54 PM PDT","638658081155480000","Player1","Level2","-26.29262","0.4899754","1"
"2024/10/29 2:20:56 PM PDT","638658081155480000","Player2","Level2","-30.5","-18.714","1"
"2024/10/29 2:20:57 PM PDT","638658081155480000","Player1","Level2","-26.29262","0.4899754","1"
"2024/10/29 2:21:02 PM PDT","638658081155480000","Player2","Level2","-25.48998","-18.69202","1"
"2024/10/29 2:21:03 PM PDT","638658081155480000","Player1","Level2","-26.29262","0.4899754","1"
"2024/10/29 2:21:07 PM PDT","638658081155480000","Player1","Level2","-12.88555","18.722","1"
"2024/10/29 2:21:14 PM PDT","638658081155480000","Player1","Level2","-10.29003","13.51004","1"
"2024/10/29 2:21:20 PM PDT","638658081155480000","Player1","Level2","-11.49001","18.722","1"
"2024/10/29 2:21:20 PM PDT","638658081155480000","Player2","Level2","-25.9597","-18.83269","1"
"2024/10/29 2:21:24 PM PDT","638658081155480000","Player1","Level2","-24.4359","1.397454","1"
"2024/10/29 2:21:28 PM PDT","638658081155480000","Player1","Level2","-11.49","18.722","1"
"2024/10/29 2:21:31 PM PDT","638658081155480000","Player1","Level2","-24.86092","1.286001","1"
"2024/10/29 2:21:32 PM PDT","638658081155480000","Player2","Level2","-27.58645","-18.5262","1"
"2024/10/29 2:21:37 PM PDT","638658081155480000","Player1","Level2","-11.49001","18.722","1"
"2024/10/29 2:21:38 PM PDT","638658081155480000","Player2","Level2","-26.29999","-0.4899921","1"
"2024/10/29 2:21:41 PM PDT","638658081155480000","Player1","Level2","-24.9834","1.347954","1"
"2024/10/29 2:21:41 PM PDT","638658081155480000","Player2","Level2","-26.29999","-0.489992","1"
"2024/10/29 2:21:45 PM PDT","638658081155480000","Player1","Level2","-15.49317","18.722","1"
"2024/10/29 2:21:48 PM PDT","638658081155480000","Player2","Level2","-28.84502","-18.714","1"
"2024/10/29 2:21:54 PM PDT","638658081155480000","Player1","Level2","-11.75941","18.69261","1"
"2024/10/29 2:21:59 PM PDT","638658081155480000","Player1","Level2","-26.30773","0.4899409","1"
"2024/10/29 2:22:04 PM PDT","638658081155480000","Player1","Level2","-11.49","18.722","1"
"2024/10/29 2:22:08 PM PDT","638658081155480000","Player1","Level2","-11.49001","18.722","1"
"2024/10/29 2:22:08 PM PDT","638658081155480000","Player2","Level2","-12.83502","-18.52052","1"
"2024/10/29 2:22:13 PM PDT","638658081155480000","Player1","Level2","-11.49001","18.722","1"
"2024/10/29 2:22:50 PM PDT","638658081155480000","Player2","Level2","9.962859","12.67667","1"
"2024/10/29 2:22:54 PM PDT","638658081155480000","Player1","Level2","-18.84499","1.286001","1"
"2024/10/29 2:22:56 PM PDT","638658081155480000","Player2","Level2","-26.29639","-0.4899919","1"
"2024/10/29 2:23:00 PM PDT","638658081155480000","Player1","Level2","-11.49","18.722","1"
"2024/10/29 2:23:03 PM PDT","638658081155480000","Player1","Level2","-26.03421","1.286001","1"
"2024/10/29 2:23:07 PM PDT","638658081155480000","Player2","Level2","-26.29698","-18.714","1"
"2024/10/29 2:23:08 PM PDT","638658081155480000","Player1","Level2","-26.29078","0.4899754","1"
"2024/10/29 2:23:09 PM PDT","638658081155480000","Player2","Level2","-26.3097","-0.4899918","1"
"2024/10/29 2:23:13 PM PDT","638658081155480000","Player1","Level2","-11.49001","18.722","1"
"2024/10/29 2:23:17 PM PDT","638658081155480000","Player1","Level2","-16.77835","1.286002","1"
"2024/10/29 2:23:21 PM PDT","638658081155480000","Player1","Level2","-11.49001","18.722","1"
"2024/10/29 2:23:27 PM PDT","638658081155480000","Player1","Level2","-15.49995","18.722","1"
"2024/10/29 2:23:32 PM PDT","638658081155480000","Player1","Level2","-11.49036","18.722","1"
"2024/10/29 2:23:38 PM PDT","638658081155480000","Player1","Level2","-11.48999","18.722","1"
"2024/10/29 2:23:41 PM PDT","638658081155480000","Player1","Level2","-26.09758","0.6369498","1"
"2024/10/29 2:23:43 PM PDT","638658081155480000","Player2","Level2","-30.5","-18.714","1"
"2024/10/29 2:23:45 PM PDT","638658081155480000","Player2","Level2","-27.68559","-18.714","1"
"2024/10/29 2:23:46 PM PDT","638658081155480000","Player1","Level2","-26.29262","0.4899754","1"
"2024/10/29 2:23:48 PM PDT","638658081155480000","Player1","Level2","-26.03127","1.347955","1"
"2024/10/29 2:23:50 PM PDT","638658081155480000","Player1","Level2","-25.86224","1.004467","1"
"2024/10/29 2:23:55 PM PDT","638658081155480000","Player2","Level2","-26.69528","-18.714","1"
"2024/10/29 2:24:11 PM PDT","638658081155480000","Player1","Level2","23.21311","18.93869","1"
"2024/10/29 2:24:29 PM PDT","638658081155480000","Player2","Level2","-25.48993","-18.59599","1"
"2024/10/29 2:24:30 PM PDT","638658081155480000","Player1","Level2","-26.29078","0.4899754","1"
"2024/10/29 2:24:32 PM PDT","638658081155480000","Player2","Level2","-26.29027","-0.4899919","1"
"2024/10/29 2:24:36 PM PDT","638658081155480000","Player1","Level2","-11.48999","18.722","1"
"2024/10/29 2:24:38 PM PDT","638658081155480000","Player2","Level2","-25.49","-18.53802","1"
"2024/10/29 2:24:40 PM PDT","638658081155480000","Player2","Level2","-26.4203","-0.4899921","1"
"2024/10/29 2:24:40 PM PDT","638658081155480000","Player1","Level2","-26.29999","0.4899802","1"
"2024/10/29 2:24:45 PM PDT","638658081155480000","Player1","Level2","-11.49","18.722","1"
"2024/10/29 2:24:49 PM PDT","638658081155480000","Player2","Level2","-25.49","-18.61202","1"
"2024/10/29 2:24:50 PM PDT","638658081155480000","Player1","Level2","-26.29262","0.4899754","1"
"2024/10/29 2:24:54 PM PDT","638658081155480000","Player1","Level2","-11.49001","18.722","1"
"2024/10/29 2:24:59 PM PDT","638658081155480000","Player1","Level2","-13.25601","18.722","1"
"2024/10/29 2:25:01 PM PDT","638658081155480000","Player1","Level2","-26.29999","0.4899802","1"
"2024/10/29 2:25:03 PM PDT","638658081155480000","Player2","Level2","-26.36213","-0.4899921","1"
"2024/10/29 2:25:03 PM PDT","638658081155480000","Player1","Level2","-25.07177","1.347951","1"
"2024/10/29 2:25:07 PM PDT","638658081155480000","Player1","Level2","-22.66606","18.722","1"
"2024/10/29 2:25:12 PM PDT","638658081155480000","Player1","Level2","-11.49","18.626","1"
"2024/10/29 2:25:14 PM PDT","638658081155480000","Player1","Level2","-22.49979","1.347952","1"
"2024/10/29 2:25:16 PM PDT","638658081155480000","Player1","Level2","-24.50284","1.347964","1"
"2024/10/29 2:25:18 PM PDT","638658081155480000","Player1","Level2","-26.29262","0.4899637","1"
"2024/10/29 2:25:23 PM PDT","638658081155480000","Player2","Level2","-25.48998","-18.59402","1"
"2024/10/29 2:25:36 PM PDT","638658081155480000","Player2","Level2","-30.5","-18.714","1"
"2024/10/29 2:25:39 PM PDT","638658081155480000","Player2","Level2","-25.49","-18.714","1"
"2024/10/29 2:25:45 PM PDT","638658081155480000","Player2","Level2","-27.09999","-18.71399","1"
"2024/10/29 2:26:02 PM PDT","638658081155480000","Player2","Level2","-30.5","-18.714","1"
"2024/10/29 2:26:05 PM PDT","638658081155480000","Player2","Level2","-30.5","-18.714","1"
"2024/10/29 2:29:21 PM PDT","638658088907610000","Player2","Level1","-0.6900076","-11.94201","1"
"2024/10/29 2:29:37 PM PDT","638658088907610000","Player2","Level1","-4.28037","-11.89752","1"
"2024/10/29 2:29:53 PM PDT","638658088907610000","Player2","Level1","4.8698","-14.58006","1"
"2024/10/29 2:30:02 PM PDT","638658088907610000","Player1","Level1","-17.90001","14.57225","1"
"2024/10/29 2:30:41 PM PDT","638658088907610000","Player2","Level1","-4.399182","-11.53701","1"
"2024/10/29 2:31:02 PM PDT","638658088907610000","Player2","Level1","2.488043","-11.94201","1"
"2024/10/29 2:32:11 PM PDT","638658088907610000","Player2","Level2","-18.30998","-1.347957","1"
"2024/10/29 2:32:31 PM PDT","638658088907610000","Player1","Level2","23.41068","18.93867","1"
"2024/10/29 2:32:43 PM PDT","638658088907610000","Player1","Level2","-2.305364","0.4733667","1"
"2024/10/29 2:32:52 PM PDT","638658088907610000","Player1","Level2","-11.49001","18.65199","1"
"2024/10/29 2:32:54 PM PDT","638658088907610000","Player2","Level2","-28.27185","-18.714","1"
"2024/10/29 2:33:08 PM PDT","638658088907610000","Player2","Level2","-3.882877","-18.714","1"
"2024/10/29 2:33:48 PM PDT","638658088907610000","Player1","Level3","-26.29999","0.9019835","1"
"2024/10/29 2:33:50 PM PDT","638658088907610000","Player2","Level3","-17.69995","-18.71402","1"
"2024/10/29 2:33:54 PM PDT","638658088907610000","Player2","Level3","-22.69664","-18.57205","1"
"2024/10/29 2:33:55 PM PDT","638658088907610000","Player1","Level3","-17.09035","18.734","1"
"2024/10/29 2:33:58 PM PDT","638658088907610000","Player2","Level3","-21.0695","-18.99004","1"
"2024/10/29 2:34:08 PM PDT","638658088907610000","Player1","Level3","-9.487325","1.347996","1"
"2024/10/29 2:34:20 PM PDT","638658088907610000","Player2","Level3","-20.80487","-18.51004","1"
"2024/10/29 2:34:22 PM PDT","638658088907610000","Player2","Level3","-27.3","-18.71401","1"
"2024/10/29 2:34:25 PM PDT","638658088907610000","Player1","Level3","-24.63783","1.286024","1"
"2024/10/29 2:34:25 PM PDT","638658088907610000","Player2","Level3","-30.5","-18.50601","1"
"2024/10/29 2:34:31 PM PDT","638658088907610000","Player1","Level3","-10.03427","1.347996","1"
"2024/10/29 2:34:40 PM PDT","638658088907610000","Player2","Level3","-27.19666","-18.71403","1"
"2024/10/29 2:34:47 PM PDT","638658088907610000","Player2","Level3","-23.3656","-18.73402","1"
"2024/10/29 2:34:52 PM PDT","638658088907610000","Player1","Level3","-10.23915","0.6369946","1"
"2024/10/29 2:34:59 PM PDT","638658088907610000","Player2","Level3","-31.51004","-18.71403","1"
"2024/10/29 2:35:05 PM PDT","638658088907610000","Player2","Level3","4.056382","-18.24499","1"
"2024/10/29 2:35:47 PM PDT","638658088907610000","Player1","Level3","-2.443404","18.77","1"
"2024/10/29 2:36:05 PM PDT","638658088907610000","Player2","Level3","-22.50528","-18.79401","1"
"2024/10/29 2:36:25 PM PDT","638658088907610000","Player2","Level3","1.510004","1.753993","1"
"2024/10/29 2:36:43 PM PDT","638658088907610000","Player2","Level3","0.9359084","-18.52199","1"
"2024/10/29 2:36:58 PM PDT","638658088907610000","Player2","Level3","-23.58316","-18.73401","1"
"2024/10/29 2:37:07 PM PDT","638658088907610000","Player2","Level3","-23.60884","-18.73401","1"
"2024/10/29 2:37:54 PM PDT","638658088907610000","Player2","Level3","1.056855","-18.52199","1"
"2024/10/29 2:37:54 PM PDT","638658088907610000","Player1","Level3","-2.396969","18.77","1"
"2024/10/29 2:38:00 PM PDT","638658088907610000","Player2","Level3","-30.5","-18.71698","1"
"2024/10/29 2:38:03 PM PDT","638658088907610000","Player2","Level3","-30.5","-18.89499","1"
"2024/10/29 2:38:23 PM PDT","638658088907610000","Player1","Level3","18.30521","1.012541","1"
"2024/10/29 3:07:21 PM PDT","638658111793400000","Player2","Level3","-24.80898","-18.51009","1"
"2024/10/29 3:08:25 PM PDT","638658111793400000","Player2","Level3","-20.18116","-18.81404","1"
"2024/10/29 3:15:24 PM PDT","638658088907610000","Player1","Level1","7.376678","-9.714021","1"
"2024/10/29 3:15:24 PM PDT","638658088907610000","Player2","Level1","-14.20488","12.71399","1"
"2024/10/29 3:15:43 PM PDT","638658088907610000","Player2","Level1","6.58128","-12.95747","1"
"2024/10/29 3:38:47 PM PDT","638658088907610000","Player1","Level1","31.91376","19.29998","1"
"2024/10/30 9:23:14 PM PDT","638659201649620000","Player2","Level1","-3.939479","-11.866","1"
"2024/10/30 9:23:28 PM PDT","638659201649620000","Player2","Level1","-4.449999","-11.49","1"
"2024/10/30 9:23:46 PM PDT","638659201649620000","Player2","Level1","-4.299958","-11.498","1"
"2024/10/30 9:23:52 PM PDT","638659201649620000","Player2","Level1","-12.61066","12.73403","1"
"2024/10/30 9:24:11 PM PDT","638659201649620000","Player2","Level1","-4.450276","-11.56403","1"
"2024/10/30 9:24:21 PM PDT","638659201649620000","Player2","Level1","-12.33155","12.86603","1"
"2024/10/30 9:24:34 PM PDT","638659201649620000","Player2","Level1","-2.899958","-14.554","1"
"2024/10/30 9:25:05 PM PDT","638659201649620000","Player2","Level1","0.3100038","-11.878","1"
"2024/10/30 9:25:11 PM PDT","638659201649620000","Player2","Level1","-2.56809","-11.866","1"
"2024/10/30 9:25:23 PM PDT","638659201649620000","Player2","Level1","-2.890002","-14.554","1"
"2024/10/30 9:25:52 PM PDT","638659201649620000","Player2","Level3","-30.5","-18.68601","1"
"2024/10/30 9:26:01 PM PDT","638659201649620000","Player2","Level3","-22.15004","-18.94003","1"
"2024/10/30 9:26:04 PM PDT","638659201649620000","Player2","Level3","-26.29261","-18.71401","1"
"2024/10/30 9:26:11 PM PDT","638659201649620000","Player2","Level3","8.18529","-1.74899","1"
"2024/10/30 9:26:23 PM PDT","638659201649620000","Player2","Level3","-30.5","-18.714","1"
"2024/10/30 9:26:28 PM PDT","638659201649620000","Player2","Level3","-19.15805","-18.62204","1"
"2024/10/30 9:26:33 PM PDT","638659201649620000","Player2","Level3","-20.93339","-18.95401","1"
"2024/10/30 9:26:38 PM PDT","638659201649620000","Player2","Level3","-31.30223","-18.77403","1"
"2024/10/30 9:26:40 PM PDT","638659201649620000","Player2","Level3","-30.5","-18.714","1"
"2024/10/30 9:26:48 PM PDT","638659201649620000","Player2","Level3","8.242315","-1.748984","1"
"2024/10/30 9:26:54 PM PDT","638659201649620000","Player2","Level3","5.34308","-18.24499","1"
"2024/10/30 9:26:59 PM PDT","638659201649620000","Player2","Level3","-26.42954","-18.95605","1"
"2024/10/30 9:27:03 PM PDT","638659201649620000","Player2","Level3","-30.52286","-18.71004","1"
"2024/10/30 9:27:06 PM PDT","638659201649620000","Player2","Level3","-31.08181","-18.67404","1"
"2024/10/30 9:27:08 PM PDT","638659201649620000","Player2","Level3","-30.5","-18.714","1"
"2024/10/30 9:27:23 PM PDT","638659201649620000","Player2","Level3","15.79592","-18.60403","1"
"2024/10/30 9:27:29 PM PDT","638659201649620000","Player2","Level3","-24.20221","-19.00405","1"
"2024/10/30 9:27:33 PM PDT","638659201649620000","Player2","Level3","-31.30045","-18.54404","1"
"2024/10/30 9:27:37 PM PDT","638659201649620000","Player2","Level3","-24.03074","-18.73401","1"
"2024/10/30 9:27:41 PM PDT","638659201649620000","Player2","Level3","-22.13852","-18.71404","1"
"2024/10/30 9:27:45 PM PDT","638659201649620000","Player2","Level3","-20.86357","-18.99004","1"
"2024/10/30 9:27:59 PM PDT","638659201649620000","Player2","Level3","11.52252","-18.065","1"
"2024/10/31 8:13:56 AM PDT","638659591808340000","Player1","Level2","-8.499954","12.65203","1"
"2024/10/31 8:13:59 AM PDT","638659591808340000","Player2","Level2","-22.69995","-1.347975","1"
"2024/10/31 8:13:59 AM PDT","638659591808340000","Player1","Level2","-21.49997","1.347964","1"
"2024/10/31 8:14:06 AM PDT","638659591808340000","Player1","Level2","-13.29995","18.57203","1"
"2024/10/31 8:14:37 AM PDT","638659591808340000","Player1","Level2","22.72993","4.286029","1"
"2024/10/31 8:14:40 AM PDT","638659591808340000","Player1","Level2","-26.29999","0.4899802","1"
"2024/10/31 8:14:45 AM PDT","638659591808340000","Player1","Level2","-9.099954","12.65203","1"
"2024/10/31 8:14:48 AM PDT","638659591808340000","Player1","Level2","-18.49996","1.347956","1"
"2024/10/31 8:14:48 AM PDT","638659591808340000","Player2","Level2","-20.09994","-1.347972","1"
"2024/10/31 8:15:02 AM PDT","638659591808340000","Player1","Level2","-2.344184","0.4733639","1"
"2024/10/31 8:15:26 AM PDT","638659593147040000","Player1","Level3","-14.49007","18.71401","1"
"2024/10/31 3:05:33 PM PDT","638659838543160000","Player2","Level1","-2.889972","-14.554","1"
"2024/11/04 9:22:02 PM PST","638663520125830000","Player2","Level1","-4.70275","-12.21094","1"
"2024/11/05 1:54:57 PM PST","638664114224460000","Player1","Level3","-17.71607","7.505971","2"
"2024/11/05 1:55:05 PM PST","638664114224460000","Player1","Level3","-23.29","3.51","2"
"2024/11/05 1:55:49 PM PST","638664114224460000","Player1","Level3","-20.11003","2.919414","2"
"2024/11/05 2:06:34 PM PST","638664114224460000","Player2","Level3","-14.50998","10.72198","2"
"2024/11/05 2:08:20 PM PST","638664114224460000","Player1","Level3","-19.67004","3.316838","2"
"2024/11/05 2:11:24 PM PST","638664114224460000","Player2","Level3","-14.50998","10.72198","2"
"2024/11/05 2:15:49 PM PST","638664129351530000","Player1","Level3","-23.29","3.226001","2"
"2024/11/05 2:17:20 PM PST","638664129351530000","Player1","Level3","25.14752","18.71403","2"
"2024/11/05 2:18:07 PM PST","638664129535840000","Player1","Level1","-9.109989","14.57225","2"
"2024/11/05 2:18:08 PM PST","638664129535840000","Player2","Level1","-2.49992","-14.69","2"
"2024/11/05 2:19:28 PM PST","638664129535840000","Player2","Level2","9.100747","-18.674","2"
"2024/11/05 2:20:50 PM PST","638664129351530000","Player1","Level3","-19.83771","6.6671","2"
"2024/11/05 2:20:51 PM PST","638664129351530000","Player2","Level3","-29.59","-12.714","2"
"2024/11/05 2:20:58 PM PST","638664129351530000","Player1","Level3","-20.10804","6.75","2"
"2024/11/05 2:21:00 PM PST","638664129351530000","Player2","Level3","-29.59","-12.734","2"
"2024/11/05 2:22:04 PM PST","638664129351530000","Player1","Level3","22.2075","3.483505","2"
"2024/11/05 2:22:15 PM PST","638664129351530000","Player1","Level3","-18.39489","6.75","2"
"2024/11/05 2:23:30 PM PST","638664129351530000","Player1","Level3","19.74998","3.583321","2"
"2024/11/05 2:25:47 PM PST","638664129351530000","Player2","Level4","0.8423096","1.84587","2"
"2024/11/05 2:26:05 PM PST","638664129351530000","Player2","Level4","1.034178","1.214506","2"
"2024/11/05 2:27:03 PM PST","638664129351530000","Player1","Level4","4.468239","-1.978613","2"
"2024/11/05 2:27:40 PM PST","638664129351530000","Player1","Level4","7.337448","18.84265","2"
"2024/11/05 2:28:29 PM PST","638664129351530000","Player1","Level4","20.24999","18.522","2"
"2024/11/05 2:28:43 PM PST","638664129351530000","Player1","Level4","-26.29998","0.4899836","2"
"2024/11/05 2:28:52 PM PST","638664129351530000","Player2","Level4","-23.75032","-18.59805","2"
"2024/11/05 2:29:12 PM PST","638664129351530000","Player2","Level4","5.535464","-18.07091","2"
"2024/11/05 2:29:26 PM PST","638664129351530000","Player2","Level4","-28.86733","-18.59403","2"
"2024/11/05 2:29:29 PM PST","638664129351530000","Player2","Level4","-17.44997","-18.84598","2"
"2024/11/05 2:30:02 PM PST","638664129351530000","Player2","Level4","0.2876388","-18.69399","2"
"2024/11/05 2:30:11 PM PST","638664129351530000","Player2","Level4","-22.87049","-18.78603","2"
"2024/11/05 2:30:16 PM PST","638664129351530000","Player2","Level4","-27.60166","-18.69802","2"
"2024/11/05 2:30:20 PM PST","638664129351530000","Player2","Level4","-17.66791","-18.51403","2"
"2024/11/05 2:30:36 PM PST","638664129351530000","Player2","Level4","0.363262","1.81003","2"
"2024/11/05 2:51:32 PM PST","638664131960820000","Player1","Level1","-18.29002","14.50999","2"
"2024/11/05 2:51:49 PM PST","638664131960820000","Player2","Level1","-0.4999196","-11.87992","2"
"2024/11/05 2:51:49 PM PST","638664150708940000","Player1","Level1","-18.29002","14.50999","2"
"2024/11/05 2:52:01 PM PST","638664150708940000","Player2","Level1","3.971926","-14.77498","2"
"2024/11/05 2:52:10 PM PST","638664131960820000","Player2","Level1","12.00007","-11.87991","2"
"2024/11/05 2:52:13 PM PST","638664150708940000","Player2","Level1","12.67918","-11.8799","2"
"2024/11/05 2:52:26 PM PST","638664150708940000","Player2","Level1","9.500072","-14.08694","2"
"2024/11/05 2:52:38 PM PST","638664150826090000","Player1","Level1","-18.29002","14.50999","2"
"2024/11/05 2:52:45 PM PST","638664150708940000","Player2","Level1","1.894642","-12.21505","2"
"2024/11/05 2:52:48 PM PST","638664150826090000","Player2","Level1","4.199744","-14.77498","2"
"2024/11/05 2:52:55 PM PST","638664150708940000","Player2","Level1","4.491412","-14.77498","2"
"2024/11/05 2:53:00 PM PST","638664150826090000","Player1","Level1","-18.33554","14.50999","2"
"2024/11/05 2:53:09 PM PST","638664131960820000","Player2","Level2","7.550035","-18.14575","2"
"2024/11/05 2:53:11 PM PST","638664150826090000","Player2","Level1","-4.864977","-12.10908","2"
"2024/11/05 2:53:42 PM PST","638664150708940000","Player1","Level2","0.5099698","1.146006","2"
"2024/11/05 2:53:46 PM PST","638664131960820000","Player1","Level2","-7.235004","12.714","2"
"2024/11/05 2:53:48 PM PST","638664150826090000","Player1","Level2","12.44751","16.68351","2"
"2024/11/05 2:53:49 PM PST","638664131960820000","Player1","Level2","-26.29998","0.4899802","2"
"2024/11/05 2:53:53 PM PST","638664131960820000","Player1","Level2","-11.77227","18.66505","2"
"2024/11/05 2:53:54 PM PST","638664150826090000","Player2","Level2","-25.48999","-18.65401","2"
"2024/11/05 2:54:01 PM PST","638664131960820000","Player1","Level2","-13.09995","18.66505","2"
"2024/11/05 2:54:04 PM PST","638664150826090000","Player2","Level2","9.892036","14.99503","2"
"2024/11/05 2:54:16 PM PST","638664150826090000","Player2","Level2","0.3352331","-18.73397","2"
"2024/11/05 2:54:27 PM PST","638664150708940000","Player2","Level2","28.48479","-18.94604","2"
"2024/11/05 2:54:28 PM PST","638664131960820000","Player2","Level2","8.143482","-18.71399","2"
"2024/11/05 2:54:30 PM PST","638664150708940000","Player2","Level2","-27.88198","-18.714","2"
"2024/11/05 2:54:33 PM PST","638664150708940000","Player2","Level2","-26.29998","-0.4899921","2"
"2024/11/05 2:54:43 PM PST","638664150708940000","Player1","Level2","0.7474711","0.4835072","2"
"2024/11/05 2:54:46 PM PST","638664150708940000","Player2","Level2","-26.123","-1.053993","2"
"2024/11/05 2:54:54 PM PST","638664150826090000","Player1","Level2","21.55553","18.81002","2"
"2024/11/05 2:54:56 PM PST","638664150708940000","Player2","Level2","6.965006","14.25301","2"
"2024/11/05 2:55:00 PM PST","638664150708940000","Player2","Level2","-25.48999","-18.65401","2"
"2024/11/05 2:55:05 PM PST","638664150708940000","Player2","Level2","-11.29406","-18.75397","2"
"2024/11/05 2:55:08 PM PST","638664131960820000","Player2","Level2","1.801789","-18.13822","2"
"2024/11/05 2:55:15 PM PST","638664131960820000","Player1","Level2","-16.44425","18.75801","2"
"2024/11/05 2:55:17 PM PST","638664131960820000","Player1","Level2","-26.29998","0.4899802","2"
"2024/11/05 2:55:22 PM PST","638664150708940000","Player1","Level2","-0.2996263","1.126005","2"
"2024/11/05 2:55:54 PM PST","638664131960820000","Player1","Level2","21.51944","4.286029","2"
"2024/11/05 3:04:23 PM PST","638664131960820000","Player1","Level1","-18.29002","14.50999","2"
"2024/11/05 3:04:50 PM PST","638664131960820000","Player2","Level1","4.510002","-14.68999","2"
"2024/11/05 3:05:04 PM PST","638664131960820000","Player2","Level1","-2.592318","-14.83861","2"
"2024/11/05 3:05:36 PM PST","638664131960820000","Player2","Level1","11.51","-14.68999","2"
"2024/11/05 3:06:03 PM PST","638664159274660000","Player2","Level1","11.51","-14.68999","2"
"2024/11/05 3:06:15 PM PST","638664131960820000","Player2","Level2","-16.07034","-1.285994","2"
"2024/11/05 3:06:15 PM PST","638664159274660000","Player2","Level1","1.397862","-11.87993","2"
"2024/11/05 3:06:25 PM PST","638664131960820000","Player2","Level2","-25.48998","-18.654","2"
"2024/11/05 3:06:27 PM PST","638664159274660000","Player2","Level1","4.510001","-14.68999","2"
"2024/11/05 3:06:37 PM PST","638664159274660000","Player2","Level1","4.253764","-14.77498","2"
"2024/11/05 3:06:44 PM PST","638664157928260000","Player2","Level1","4.20404","-11.78409","2"
"2024/11/05 3:06:56 PM PST","638664159274660000","Player2","Level1","-3.599883","-12.39574","2"
"2024/11/05 3:07:09 PM PST","638664159274660000","Player2","Level1","5.237437","-11.87992","2"
"2024/11/05 3:07:12 PM PST","638664131960820000","Player2","Level2","9.368567","14.24502","2"
"2024/11/05 3:07:17 PM PST","638664157928260000","Player1","Level2","-26.29998","0.4899802","2"
"2024/11/05 3:07:20 PM PST","638664157928260000","Player2","Level2","-26.30971","-0.489992","2"
"2024/11/05 3:07:25 PM PST","638664131960820000","Player2","Level2","-11.51439","-18.76998","2"
"2024/11/05 3:07:28 PM PST","638664131960820000","Player2","Level2","-26.29998","-0.4899921","2"
"2024/11/05 3:07:28 PM PST","638664159274660000","Player2","Level1","3.707183","-12.22695","2"
"2024/11/05 3:07:35 PM PST","638664131960820000","Player1","Level2","-17.83781","1.286002","2"
"2024/11/05 3:07:37 PM PST","638664131960820000","Player2","Level2","-26.29077","-0.4899871","2"
"2024/11/05 3:07:44 PM PST","638664157928260000","Player2","Level2","9.269011","14.24503","2"
"2024/11/05 3:07:50 PM PST","638664131960820000","Player1","Level2","-11.49","18.546","2"
"2024/11/05 3:07:56 PM PST","638664131960820000","Player2","Level2","-26.29998","-0.4899921","2"
"2024/11/05 3:08:08 PM PST","638664157928260000","Player1","Level2","-3.252529","1.076503","2"
"2024/11/05 3:08:09 PM PST","638664157928260000","Player2","Level2","-26.29077","-0.4899871","2"
"2024/11/05 3:08:20 PM PST","638664131960820000","Player2","Level2","9.032268","14.24503","2"
"2024/11/05 3:08:33 PM PST","638664157928260000","Player2","Level2","9.443457","14.24503","2"
"2024/11/05 3:08:40 PM PST","638664157928260000","Player1","Level2","-11.49","18.722","2"
"2024/11/05 3:08:42 PM PST","638664157928260000","Player2","Level2","-26.44501","-0.4899922","2"
"2024/11/05 3:08:54 PM PST","638664157928260000","Player2","Level2","9.617889","14.49503","2"
"2024/11/05 3:08:55 PM PST","638664159274660000","Player1","Level2","-3.252529","0.8595018","2"
"2024/11/05 3:09:02 PM PST","638664157928260000","Player2","Level2","-15.99965","-1.286002","2"
"2024/11/05 3:09:06 PM PST","638664157928260000","Player1","Level2","-26.29998","0.4899802","2"
"2024/11/05 3:09:11 PM PST","638664131960820000","Player2","Level2","-0.1688667","-18.17499","2"
"2024/11/05 3:09:34 PM PST","638664157928260000","Player1","Level2","1.109999","16.51","2"
"2024/11/05 3:16:11 PM PST","638664165279560000","Player2","Level1","-3.289163","-14.8386","2"
"2024/11/05 3:16:26 PM PST","638664165279560000","Player2","Level1","-4.49992","-14.09875","2"
"2024/11/05 3:17:51 PM PST","638664165279560000","Player2","Level3","-25.22399","-3.161138","2"
"2024/11/05 3:17:53 PM PST","638664165279560000","Player2","Level3","-25.90071","-3.161135","2"
"2024/11/05 3:17:55 PM PST","638664165279560000","Player2","Level3","-25.76625","-3.16111","2"
"2024/11/05 3:18:47 PM PST","638664165279560000","Player2","Level3","-0.8176074","-18.17496","2"
"2024/11/05 3:18:50 PM PST","638664165279560000","Player2","Level3","-25.5041","-3.161135","2"
"2024/11/05 3:20:53 PM PST","638664165279560000","Player1","Level3","2.709972","16.51","2"
"2024/11/05 3:20:59 PM PST","638664165279560000","Player2","Level3","-29.59","-12.714","2"
"2024/11/05 3:21:04 PM PST","638664165279560000","Player2","Level3","-27.53664","-12.76708","2"
"2024/11/05 3:21:06 PM PST","638664165279560000","Player2","Level3","-25.65525","-3.161135","2"
"2024/11/05 3:22:31 PM PST","638664165279560000","Player2","Level3","15.44425","-18.52593","2"
"2024/11/05 3:22:56 PM PST","638664165279560000","Player1","Level4","-19.64326","18.734","2"
"2024/11/05 3:22:57 PM PST","638664165279560000","Player2","Level4","-23.56004","-18.82732","2"
"2024/11/05 3:23:00 PM PST","638664165279560000","Player2","Level4","-23.56004","-18.64566","2"
"2024/11/05 3:23:09 PM PST","638664165279560000","Player2","Level4","-24.53968","-18.52203","2"
"2024/11/05 3:23:18 PM PST","638664165279560000","Player2","Level4","-30.52109","-18.71403","2"
"2024/11/05 3:24:04 PM PST","638664165279560000","Player2","Level2","-18.49995","-1.269247","2"
"2024/11/05 3:24:15 PM PST","638664165279560000","Player1","Level2","-0.604128","1.286002","2"
"2024/11/05 3:24:16 PM PST","638664165279560000","Player2","Level2","-26.47184","-0.4899921","2"
"2024/11/05 3:24:17 PM PST","638664165279560000","Player2","Level2","-25.99261","-1.22999","2"
"2024/11/05 3:24:22 PM PST","638664165279560000","Player1","Level2","-13.45628","18.722","2"
"2024/11/05 3:24:34 PM PST","638664165279560000","Player2","Level2","-2.834995","-18.09298","2"
"2024/11/05 3:24:34 PM PST","638664165279560000","Player1","Level2","21.4175","18.98751","2"
"2024/11/05 3:24:44 PM PST","638664165279560000","Player2","Level2","-5.334995","-18.05503","2"
"2024/11/05 3:24:45 PM PST","638664165279560000","Player1","Level2","19.94749","3.260438","2"
"2024/11/05 3:24:48 PM PST","638664165279560000","Player1","Level2","-23.69997","1.286001","2"
"2024/11/05 3:25:11 PM PST","638664165279560000","Player2","Level2","14.20278","-18.78446","2"
"2024/11/05 3:25:11 PM PST","638664165279560000","Player1","Level2","29.92549","18.71401","2"
"2024/11/05 3:25:26 PM PST","638664165279560000","Player1","Level2","-1.434739","1.286002","2"
"2024/11/05 3:25:37 PM PST","638664165279560000","Player2","Level2","-4.301623","-18.17498","2"
"2024/11/05 4:17:43 PM PST","638664199916800000","Player2","Level1","-4.532147","-14.08694","2"
"2024/11/05 4:18:12 PM PST","638664199916800000","Player1","Level2","-26.29998","0.4899802","2"
"2024/11/05 4:18:47 PM PST","638664199916800000","Player2","Level3","-26.26185","-12.714","2"
"2024/11/05 4:18:50 PM PST","638664199916800000","Player2","Level3","-28.49","-12.714","2"
"2024/11/05 4:18:53 PM PST","638664199916800000","Player2","Level3","-28.49","-12.714","2"
"2024/11/05 4:19:52 PM PST","638664199916800000","Player1","Level3","-13.67752","18.9875","2"
"2024/11/05 4:19:57 PM PST","638664199916800000","Player2","Level3","-22.22406","-3.286005","2"
"2024/11/05 4:20:07 PM PST","638664199916800000","Player1","Level3","-19.69003","3.503547","2"
"2024/11/05 4:21:13 PM PST","638664199916800000","Player1","Level4","-26.29998","0.4899836","2"
"2024/11/05 4:21:23 PM PST","638664199916800000","Player1","Level4","-19.29996","18.714","2"
"2024/11/05 4:21:26 PM PST","638664199916800000","Player2","Level4","-22.13852","-18.71403","2"
"2024/11/05 4:21:35 PM PST","638664199916800000","Player2","Level4","0.2241228","2.003227","2"
"2024/11/05 4:21:40 PM PST","638664199916800000","Player2","Level4","9.850862","-18.734","2"
"2024/11/05 4:21:44 PM PST","638664199916800000","Player2","Level4","-22.39212","-18.94604","2"
"2024/11/05 4:21:48 PM PST","638664199916800000","Player2","Level4","-18.49","-18.71403","2"
"2024/11/05 4:21:54 PM PST","638664199916800000","Player2","Level4","-18.49","-18.71403","2"
"2024/11/05 4:22:00 PM PST","638664199916800000","Player2","Level4","-18.49074","-18.71403","2"
"2024/11/05 4:22:07 PM PST","638664199916800000","Player2","Level4","-26.0607","-18.76331","2"
"2024/11/05 4:22:08 PM PST","638664199916800000","Player1","Level4","-16.09995","18.66505","2"
"2024/11/05 4:22:32 PM PST","638664199916800000","Player1","Level4","-3.082792","19.06979","2"
"2024/11/05 4:22:41 PM PST","638664199916800000","Player1","Level4","-14.49007","18.71401","2"
"2024/11/06 12:14:57 PM PST","638664919365180000","Player2","Level1","-2.499922","-14.69","2"
"2024/11/06 12:15:05 PM PST","638664919365180000","Player2","Level1","3.92784","-14.77498","2"
"2024/11/07 6:03:16 PM PST","638665992893010000","Player1","Level2","-18.07744","1.286002","2"
"2024/11/07 6:03:27 PM PST","638665992893010000","Player1","Level2","-10.08264","12.80998","2"
"2024/11/08 3:10:49 PM PST","638666752997520000","Player1","Level1","-18.29002","14.50999","3"
"2024/11/08 3:11:17 PM PST","638666752997520000","Player2","Level1","-1.403002","-11.87992","3"
"2024/11/08 3:11:55 PM PST","638666752997520000","Player2","Level1","-1.564992","-11.87992","3"
"2024/11/08 3:12:10 PM PST","638666752997520000","Player1","Level1","-18.40001","14.50999","3"
"2024/11/08 3:12:29 PM PST","638666752997520000","Player1","Level1","24.07864","18.66502","3"
"2024/11/08 3:13:44 PM PST","638666752997520000","Player1","Level2","19.66798","3.574041","3"
"2024/11/08 3:13:53 PM PST","638666752997520000","Player1","Level2","-9.733985","12.925","3"
"2024/11/08 3:13:55 PM PST","638666752997520000","Player2","Level2","-26.09998","-1.053992","3"
"2024/11/08 3:14:09 PM PST","638666752997520000","Player1","Level2","1.440717","16.25243","3"
"2024/11/08 3:14:28 PM PST","638666752997520000","Player1","Level2","5.517503","16.68351","3"
"2024/11/08 3:14:28 PM PST","638666752997520000","Player2","Level2","8.614573","-18.09097","3"
"2024/11/08 3:15:33 PM PST","638666752997520000","Player1","Level2","1.109974","16.51","3"
"2024/11/08 3:15:41 PM PST","638666752997520000","Player1","Level2","-11.49","18.56999","3"
"2024/11/08 3:16:26 PM PST","638666752997520000","Player2","Level2","8.604964","14.92602","3"
"2024/11/08 3:16:39 PM PST","638666752997520000","Player2","Level2","4.544998","15.50999","3"
"2024/11/08 3:17:01 PM PST","638666752997520000","Player2","Level2","10.19103","-18.54899","3"
"2024/11/08 3:17:15 PM PST","638666752997520000","Player1","Level2","-9.884093","12.90204","3"
"2024/11/08 3:17:23 PM PST","638666752997520000","Player1","Level2","-14.01108","18.722","3"
"2024/11/08 3:18:16 PM PST","638666752997520000","Player2","Level2","16.73817","-18.68613","3"
"2024/11/08 3:18:19 PM PST","638666752997520000","Player1","Level2","-26.29998","0.4899802","3"
"2024/11/08 3:18:26 PM PST","638666752997520000","Player1","Level2","-2.166473","0.5660022","3"
"2024/11/08 3:18:32 PM PST","638666752997520000","Player1","Level2","-9.685279","12.9543","3"
"2024/11/08 3:18:52 PM PST","638666752997520000","Player2","Level2","-2.529949","-18.59798","3"
"2024/11/08 3:19:15 PM PST","638666752997520000","Player2","Level2","1.243363","-18.07333","3"
"2024/11/08 3:20:01 PM PST","638666752997520000","Player1","Level2","-7.128086","12.71402","3"
"2024/11/08 3:20:56 PM PST","638666752997520000","Player1","Level2","19.74998","3.583323","3"
"2024/11/08 3:21:24 PM PST","638666752997520000","Player1","Level2","-2.163101","0.5660022","3"
"2024/11/08 3:21:41 PM PST","638666752997520000","Player1","Level2","21.3755","18.98751","3"
"2024/11/08 3:21:52 PM PST","638666752997520000","Player2","Level2","-26.23784","-0.9019926","3"
"2024/11/08 3:22:00 PM PST","638666752997520000","Player1","Level2","-12.07145","18.722","3"
"2024/11/08 3:22:30 PM PST","638666752997520000","Player2","Level2","13.82414","-18.04298","3"
"2024/11/08 3:23:19 PM PST","638666752997520000","Player2","Level2","4.690029","15.46599","3"
"2024/11/08 3:23:56 PM PST","638666752997520000","Player2","Level3","-22.87094","-2.269267","3"
"2024/11/08 3:26:32 PM PST","638666752997520000","Player2","Level3","-13.33291","8.598623","3"
"2024/11/08 3:26:57 PM PST","638666752997520000","Player2","Level3","7.834914","14.16701","3"
"2024/11/08 3:27:27 PM PST","638666752997520000","Player2","Level3","2.287445","12.23402","3"
"2024/11/08 3:27:58 PM PST","638666752997520000","Player2","Level3","6.649044","14.20642","3"
"2024/11/08 3:28:25 PM PST","638666752997520000","Player1","Level4","-14.49001","18.62599","3"
"2024/11/08 3:28:31 PM PST","638666752997520000","Player2","Level4","-20.99623","-18.56604","3"
"2024/11/08 3:28:37 PM PST","638666752997520000","Player2","Level4","-24.03185","-18.63806","3"
"2024/11/08 3:28:41 PM PST","638666752997520000","Player1","Level4","-23.69983","1.269242","3"
"2024/11/08 3:28:52 PM PST","638666752997520000","Player1","Level4","-14.49009","18.71401","3"
"2024/11/08 3:28:52 PM PST","638666752997520000","Player2","Level4","-20.75932","-18.78603","3"
"2024/11/08 3:29:03 PM PST","638666752997520000","Player2","Level4","-24.6883","-18.53004","3"
"2024/11/08 3:29:04 PM PST","638666752997520000","Player1","Level4","-2.489491","18.77","3"
"2024/11/08 3:29:12 PM PST","638666752997520000","Player1","Level4","-14.49007","18.71401","3"
"2024/11/08 3:29:12 PM PST","638666752997520000","Player2","Level4","-30.01572","-18.68598","3"
"2024/11/08 3:29:16 PM PST","638666752997520000","Player2","Level4","-30.13857","-18.67398","3"
"2024/11/08 3:29:16 PM PST","638666752997520000","Player1","Level4","-14.49005","18.87805","3"
"2024/11/08 3:29:22 PM PST","638666752997520000","Player1","Level4","-14.49007","18.71401","3"
"2024/11/08 3:29:23 PM PST","638666752997520000","Player2","Level4","-23.86568","-18.57798","3"
"2024/11/08 3:29:31 PM PST","638666752997520000","Player1","Level4","-14.49007","18.71401","3"
"2024/11/08 3:29:32 PM PST","638666752997520000","Player2","Level4","12.53983","-18.734","3"
"2024/11/08 3:29:39 PM PST","638666752997520000","Player1","Level4","-14.49007","18.71401","3"
"2024/11/08 3:29:45 PM PST","638666752997520000","Player1","Level4","-20.28705","18.71399","3"
"2024/11/08 3:29:45 PM PST","638666752997520000","Player2","Level4","13.9267","-18.734","3"
"2024/11/08 3:29:53 PM PST","638666752997520000","Player1","Level4","-14.49006","18.93801","3"
"2024/11/08 3:30:44 PM PST","638666752997520000","Player2","Level4","1.510004","1.725988","3"
"2024/11/08 3:30:52 PM PST","638666752997520000","Player1","Level4","-14.45006","18.69399","3"
"2024/11/08 3:30:53 PM PST","638666752997520000","Player1","Level4","-26.29198","0.7739829","3"
"2024/11/08 3:31:21 PM PST","638666752997520000","Player1","Level4","17.42444","1.012477","3"
"2024/11/08 3:31:46 PM PST","638666752997520000","Player2","Level4","1.510004","1.757987","3"
"2024/11/08 3:32:22 PM PST","638666752997520000","Player1","Level4","18.00999","1.190035","3"
"2024/11/08 3:33:11 PM PST","638666752997520000","Player1","Level4","18.57","1.190036","3"
"2024/11/08 3:33:22 PM PST","638666752997520000","Player1","Level4","-14.49007","18.71401","3"
"2024/11/08 3:33:31 PM PST","638666752997520000","Player2","Level4","-27.16239","-18.66508","3"
"2024/11/08 3:33:37 PM PST","638666752997520000","Player2","Level4","4.59484","-18.73402","3"
"2024/11/08 3:33:43 PM PST","638666752997520000","Player1","Level4","-14.49007","18.71401","3"
"2024/11/08 3:33:43 PM PST","638666752997520000","Player2","Level4","-21.38477","-18.78603","3"
"2024/11/08 3:40:03 PM PST","638666771240380000","Player1","Level1","-18.29002","14.50999","3"
"2024/11/08 3:40:14 PM PST","638666771240380000","Player2","Level1","-2.489999","-14.69","3"
"2024/11/08 3:40:38 PM PST","638666771240380000","Player1","Level1","-18.39996","14.50999","3"
"2024/11/08 3:40:46 PM PST","638666771240380000","Player2","Level1","-2.489998","-14.69","3"
"2024/11/08 3:41:34 PM PST","638666771240380000","Player2","Level1","11.13503","-12.39571","3"
"2024/11/08 3:41:55 PM PST","638666771240380000","Player2","Level1","9.578487","-12.21505","3"
"2024/11/08 3:42:07 PM PST","638666771240380000","Player2","Level1","-2.781174","-12.295","3"
"2024/11/08 3:42:29 PM PST","638666771240380000","Player2","Level2","-21.89948","-1.269261","3"
"2024/11/08 3:42:31 PM PST","638666771240380000","Player2","Level2","-18.09995","-1.269246","3"
"2024/11/08 3:42:32 PM PST","638666771240380000","Player2","Level2","-26.29998","-0.489992","3"
"2024/11/08 3:42:40 PM PST","638666771240380000","Player2","Level2","-1.985281","-18.66501","3"
"2024/11/08 3:42:45 PM PST","638666771240380000","Player1","Level2","-19.07182","1.286001","3"
"2024/11/08 3:42:52 PM PST","638666771240380000","Player2","Level2","0.290047","-18.73397","3"
"2024/11/08 3:42:54 PM PST","638666771240380000","Player2","Level2","-26.29998","-0.4899921","3"
"2024/11/08 3:43:01 PM PST","638666771240380000","Player1","Level2","-11.49","18.722","3"
"2024/11/08 3:43:08 PM PST","638666771240380000","Player2","Level2","-2.637317","-18.73397","3"
"2024/11/08 3:43:10 PM PST","638666771240380000","Player2","Level2","-26.29998","-0.4899921","3"
"2024/11/08 3:43:16 PM PST","638666771240380000","Player1","Level2","-15.89995","0.7860022","3"
"2024/11/08 3:43:20 PM PST","638666771240380000","Player2","Level2","-29.63785","-18.714","3"
"2024/11/08 3:43:24 PM PST","638666771240380000","Player1","Level2","-11.49","18.722","3"
"2024/11/08 3:43:26 PM PST","638666771240380000","Player2","Level2","-26.29198","-0.4899919","3"
"2024/11/08 3:43:26 PM PST","638666771240380000","Player1","Level2","-26.29998","0.4899802","3"
"2024/11/08 3:43:31 PM PST","638666771240380000","Player1","Level2","-11.602","18.61","3"
"2024/11/08 3:43:37 PM PST","638666771240380000","Player1","Level2","-11.49","18.722","3"
"2024/11/08 3:43:42 PM PST","638666771240380000","Player2","Level2","-25.50758","-18.714","3"
"2024/11/08 3:43:44 PM PST","638666771240380000","Player2","Level2","-26.29998","-0.489992","3"
"2024/11/08 3:43:49 PM PST","638666771240380000","Player1","Level2","-10.43044","13.51","3"
"2024/11/08 3:44:04 PM PST","638666771240380000","Player1","Level2","-11.19251","19.5165","3"
"2024/11/08 3:44:06 PM PST","638666771240380000","Player2","Level2","-26.29998","-0.489992","3"
"2024/11/08 3:44:14 PM PST","638666771240380000","Player1","Level2","-16.01673","0.5660022","3"
"2024/11/08 3:44:28 PM PST","638666771240380000","Player1","Level2","-13.21653","18.66505","3"
"2024/11/08 3:44:29 PM PST","638666771240380000","Player2","Level2","-4.51003","-18.66504","3"
"2024/11/08 3:44:46 PM PST","638666771240380000","Player2","Level2","14.76577","-18.71402","3"
"2024/11/08 3:44:52 PM PST","638666771240380000","Player1","Level2","-14.9374","18.66505","3"
"2024/11/08 3:44:53 PM PST","638666771240380000","Player2","Level2","-26.29998","-0.489992","3"
"2024/11/08 3:45:25 PM PST","638666771240380000","Player2","Level2","-24.27981","-1.269263","3"
"2024/11/08 3:45:32 PM PST","638666771240380000","Player2","Level2","-25.74046","-1.269265","3"
"2024/11/08 3:45:38 PM PST","638666771240380000","Player2","Level2","-25.49876","-18.714","3"
"2024/11/08 3:45:41 PM PST","638666771240380000","Player2","Level2","-25.48998","-18.73401","3"
"2024/11/08 3:45:43 PM PST","638666771240380000","Player2","Level2","-26.3723","-0.489992","3"
"2024/11/08 3:46:10 PM PST","638666771240380000","Player2","Level2","-16.76636","-1.269238","3"
"2024/11/08 3:46:27 PM PST","638666771240380000","Player2","Level2","-28.93222","-18.714","3"
"2024/11/08 3:48:38 PM PST","638666771240380000","Player2","Level2","-30.5","-18.714","3"
"2024/11/08 3:50:57 PM PST","638666777726300000","Player1","Level2","-11.49001","18.722","3"
"2024/11/08 3:51:07 PM PST","638666777726300000","Player2","Level2","8.694299","-18.0735","3"
"2024/11/08 3:51:07 PM PST","638666777726300000","Player1","Level2","4.637503","16.57227","3"
"2024/11/08 3:51:26 PM PST","638666777726300000","Player1","Level2","3.101591","16.68351","3"
"2024/11/08 3:51:26 PM PST","638666777726300000","Player2","Level2","5.581188","-18.17991","3"
"2024/11/08 3:51:31 PM PST","638666777726300000","Player2","Level2","-25.88644","-0.7839823","3"
"2024/11/08 3:51:31 PM PST","638666777726300000","Player1","Level2","-19.69695","1.286002","3"
"2024/11/08 3:51:54 PM PST","638666777726300000","Player1","Level2","1.109974","16.51","3"
"2024/11/08 3:51:58 PM PST","638666777726300000","Player2","Level2","-26.49622","-18.714","3"
"2024/11/08 3:52:00 PM PST","638666777726300000","Player2","Level2","-26.29998","-0.489992","3"
"2024/11/08 3:52:14 PM PST","638666777726300000","Player2","Level2","9.086955","-18.23466","3"
"2024/11/08 3:52:14 PM PST","638666777726300000","Player1","Level2","4.685503","16.57227","3"
"2024/11/08 3:52:23 PM PST","638666777726300000","Player2","Level2","-26.29198","-0.489992","3"
"2024/11/08 3:52:23 PM PST","638666777726300000","Player1","Level2","-19.70316","1.269244","3"
"2024/11/08 3:52:26 PM PST","638666777726300000","Player1","Level2","-11.49","18.722","3"
"2024/11/08 3:52:34 PM PST","638666777726300000","Player1","Level2","-2.892529","0.3336281","3"
"2024/11/08 3:52:36 PM PST","638666777726300000","Player2","Level2","-26.29077","-0.4899871","3"
"2024/11/08 3:52:55 PM PST","638666777726300000","Player1","Level2","-11.49","18.61799","3"
"2024/11/08 3:52:57 PM PST","638666777726300000","Player2","Level2","-25.65646","-18.714","3"
"2024/11/08 3:53:04 PM PST","638666777726300000","Player1","Level2","-11.49","18.714","3"
"2024/11/08 3:53:21 PM PST","638666777726300000","Player1","Level2","-26.09998","1.05398","3"
"2024/11/08 3:53:34 PM PST","638666777726300000","Player2","Level2","-26.69528","-18.714","3"
"2024/11/08 3:53:48 PM PST","638666777726300000","Player2","Level2","15.11975","-18.81644","3"
"2024/11/08 3:53:48 PM PST","638666777726300000","Player1","Level2","1.110001","16.51001","3"
"2024/11/08 3:53:58 PM PST","638666777726300000","Player2","Level2","9.432344","14.24502","3"
"2024/11/08 3:54:52 PM PST","638666777726300000","Player2","Level2","5.073186","-18.21998","3"
"2024/11/08 3:54:57 PM PST","638666777726300000","Player2","Level2","-25.48846","-18.71399","3"
"2024/11/08 3:54:59 PM PST","638666777726300000","Player2","Level2","-26.38798","-0.4899921","3"
"2024/11/08 3:55:01 PM PST","638666777726300000","Player1","Level2","-26.29077","0.4899754","3"
"2024/11/08 3:55:09 PM PST","638666777726300000","Player1","Level2","-11.49001","18.722","3"
"2024/11/08 3:55:29 PM PST","638666777726300000","Player2","Level2","14.03378","-18.24843","3"
"2024/11/08 3:55:30 PM PST","638666777726300000","Player1","Level2","31.51001","18.97646","3"
"2024/11/08 3:55:37 PM PST","638666777726300000","Player1","Level2","-11.49001","18.722","3"
"2024/11/08 3:55:39 PM PST","638666777726300000","Player2","Level2","-18.29995","-1.269247","3"
"2024/11/08 3:55:39 PM PST","638666777726300000","Player1","Level2","-26.29038","0.4899802","3"
"2024/11/08 3:55:54 PM PST","638666777726300000","Player1","Level2","9.305506","16.57227","3"
"2024/11/08 3:55:54 PM PST","638666777726300000","Player2","Level2","7.552043","-18.66499","3"
"2024/11/08 3:56:18 PM PST","638666777726300000","Player2","Level2","-25.6971","-1.269262","3"
"2024/11/08 3:56:38 PM PST","638666777726300000","Player2","Level2","9.500809","14.24503","3"
"2024/11/08 3:56:46 PM PST","638666777726300000","Player2","Level2","9.43912","14.24502","3"
"2024/11/08 3:56:52 PM PST","638666777726300000","Player1","Level2","-19.36574","1.286002","3"
"2024/11/08 3:58:29 PM PST","638666777726300000","Player1","Level2","1.09003","16.51","3"
"2024/11/08 3:58:36 PM PST","638666777726300000","Player1","Level2","-11.49001","18.80599","3"
"2024/11/08 3:58:47 PM PST","638666777726300000","Player2","Level2","5.22626","-18.17497","3"
"2024/11/08 3:58:57 PM PST","638666777726300000","Player2","Level2","-4.51003","-18.66505","3"
"2024/11/08 3:59:02 PM PST","638666777726300000","Player1","Level2","-10.3722","13.44531","3"
"2024/11/08 3:59:07 PM PST","638666777726300000","Player1","Level2","-11.87885","18.66505","3"
"2024/11/08 3:59:14 PM PST","638666777726300000","Player2","Level2","-25.44997","-18.68704","3"
"2024/11/08 3:59:17 PM PST","638666777726300000","Player2","Level2","-26.45998","-0.4899923","3"
"2024/11/08 3:59:42 PM PST","638666777726300000","Player1","Level2","4.513503","16.57227","3"
"2024/11/08 3:59:43 PM PST","638666777726300000","Player2","Level2","-26.29077","-0.4899871","3"
"2024/11/08 3:59:52 PM PST","638666777726300000","Player2","Level2","9.391233","14.24503","3"
"2024/11/08 4:00:29 PM PST","638666777726300000","Player2","Level2","-5.444249","-18.66506","3"
"2024/11/08 4:00:36 PM PST","638666777726300000","Player1","Level2","-9.685271","12.94605","3"
"2024/11/08 4:00:53 PM PST","638666777726300000","Player2","Level2","31.10638","-18.66503","3"
"2024/11/08 4:01:35 PM PST","638666777726300000","Player1","Level2","19.74998","3.583323","3"
"2024/11/08 4:04:03 PM PST","638666777726300000","Player1","Level3","-19.83771","6.6671","3"
"2024/11/08 4:04:08 PM PST","638666777726300000","Player1","Level3","-29.53007","5.489977","3"
"2024/11/08 4:04:19 PM PST","638666777726300000","Player2","Level3","-11.53555","0.7340015","3"
"2024/11/08 4:04:58 PM PST","638666777726300000","Player2","Level3","7.83491","14.16701","3"
"2024/11/08 4:09:05 PM PST","638666777726300000","Player2","Level4","-28.77514","-18.68598","3"
"2024/11/08 4:09:18 PM PST","638666777726300000","Player2","Level4","6.914016","-18.84609","3"
"2024/11/08 4:09:26 PM PST","638666777726300000","Player2","Level4","-20.37445","-18.81804","3"
"2024/11/08 4:09:38 PM PST","638666777726300000","Player1","Level4","-14.49007","18.71401","3"
"2024/11/08 4:09:41 PM PST","638666777726300000","Player2","Level4","-24.60833","-18.68603","3"
"2024/11/08 4:09:50 PM PST","638666777726300000","Player1","Level4","-14.49007","18.71401","3"
"2024/11/08 4:09:51 PM PST","638666777726300000","Player2","Level4","-26.58086","-18.68598","3"
"2024/11/08 4:09:54 PM PST","638666777726300000","Player2","Level4","-23.22025","-18.79017","3"
"2024/11/08 4:10:02 PM PST","638666777726300000","Player2","Level4","-18.49","-18.71403","3"
"2024/11/08 4:10:17 PM PST","638666777726300000","Player2","Level4","-20.91499","-18.81805","3"
"2024/11/08 4:10:23 PM PST","638666777726300000","Player2","Level4","-17.97663","-18.71398","3"
"2024/11/08 4:10:28 PM PST","638666777726300000","Player1","Level4","-14.49003","18.85801","3"
"2024/11/08 4:10:37 PM PST","638666777726300000","Player2","Level4","6.264078","-18.24499","3"
"2024/11/08 4:10:53 PM PST","638666777726300000","Player2","Level4","0.7816557","1.83884","3"
"2024/11/08 4:10:59 PM PST","638666777726300000","Player1","Level4","-14.49005","18.90606","3"
"2024/11/08 4:11:02 PM PST","638666777726300000","Player1","Level4","-9.499951","1.269284","3"
"2024/11/08 4:11:07 PM PST","638666777726300000","Player1","Level4","-14.49007","18.71401","3"
"2024/11/08 4:11:07 PM PST","638666777726300000","Player2","Level4","-22.99049","-18.90603","3"
"2024/11/08 4:11:11 PM PST","638666777726300000","Player2","Level4","-18.49","-18.71403","3"
"2024/11/08 4:11:12 PM PST","638666777726300000","Player1","Level4","-14.49007","18.71401","3"
"2024/11/08 4:11:16 PM PST","638666777726300000","Player2","Level4","-18.49","-18.71403","3"
"2024/11/08 4:11:17 PM PST","638666777726300000","Player1","Level4","-14.49007","18.71401","3"
"2024/11/08 4:11:21 PM PST","638666777726300000","Player1","Level4","-14.49028","18.71401","3"
"2024/11/08 4:11:53 PM PST","638666777726300000","Player2","Level4","-21.17284","-18.56604","3"
"2024/11/08 4:11:58 PM PST","638666777726300000","Player2","Level4","-25.30497","-18.71398","3"
"2024/11/08 4:12:27 PM PST","638666777726300000","Player2","Level4","-0.2649848","1.282172","3"
"2024/11/08 4:12:29 PM PST","638666777726300000","Player1","Level4","-26.3","0.7086941","3"
"2024/11/08 4:12:35 PM PST","638666777726300000","Player2","Level4","-18.49","-18.71404","3"
"2024/11/08 4:13:02 PM PST","638666777726300000","Player2","Level4","1.510004","1.725998","3"
"2024/11/08 4:13:08 PM PST","638666777726300000","Player2","Level4","-18.49","-18.71403","3"
"2024/11/08 4:13:13 PM PST","638666777726300000","Player2","Level4","3.677822","-18.734","3"
"2024/11/08 4:13:17 PM PST","638666777726300000","Player2","Level4","-18.49","-18.71403","3"
"2024/11/08 4:13:22 PM PST","638666777726300000","Player1","Level4","-19.70011","18.71399","3"
"2024/11/08 4:13:23 PM PST","638666777726300000","Player2","Level4","-22.79547","-18.73404","3"
"2024/11/08 4:13:26 PM PST","638666777726300000","Player2","Level4","-18.49","-18.71403","3"
"2024/11/08 4:13:42 PM PST","638666777726300000","Player2","Level4","0.9250709","-18.52199","3"
"2024/11/08 4:14:17 PM PST","638666777726300000","Player2","Level4","15.64472","-0.5886314","3"
"2024/11/08 4:14:37 PM PST","638666777726300000","Player2","Level4","-23.33893","-18.54604","3"
"2024/11/08 4:14:52 PM PST","638666777726300000","Player1","Level4","-14.49007","18.71401","3"
"2024/11/08 4:14:57 PM PST","638666777726300000","Player2","Level4","1.089836","-18.24499","3"
"2024/11/08 4:15:01 PM PST","638666777726300000","Player1","Level4","-16.97405","18.734","3"
"2024/11/08 4:15:04 PM PST","638666777726300000","Player2","Level4","-29.7841","-18.78603","3"
"2024/11/08 4:15:37 PM PST","638666777726300000","Player2","Level4","0.8879453","-18.52199","3"
"2024/11/08 4:16:04 PM PST","638666777726300000","Player1","Level4","14.39913","3.299152","3"
"2024/11/08 4:16:19 PM PST","638666777726300000","Player2","Level4","-18.49","-18.71403","3"
"2024/11/08 4:16:19 PM PST","638666777726300000","Player1","Level4","-14.49007","18.71401","3"
"2024/11/08 4:16:24 PM PST","638666777726300000","Player2","Level4","-24.15233","-18.51804","3"
"2024/11/08 4:25:37 PM PST","638666798504980000","Player1","Level1","-18.29002","14.50999","3"
"2024/11/08 4:25:54 PM PST","638666798504980000","Player2","Level1","-2.88243","-11.87992","3"
"2024/11/08 4:26:25 PM PST","638666798504980000","Player2","Level1","-3.021268","-14.95505","3"
"2024/11/08 4:27:18 PM PST","638666798504980000","Player1","Level2","-11.49001","18.722","3"
"2024/11/08 4:27:21 PM PST","638666798504980000","Player2","Level2","-26.29998","-0.4899921","3"
"2024/11/08 4:27:25 PM PST","638666798504980000","Player2","Level2","-25.48999","-18.594","3"
"2024/11/08 4:27:51 PM PST","638666798504980000","Player1","Level2","1.110127","16.51","3"
"2024/11/08 4:28:10 PM PST","638666798504980000","Player2","Level2","7.684482","-18.17497","3"
"2024/11/08 4:28:18 PM PST","638666798504980000","Player1","Level2","-26.3366","0.4899801","3"
"2024/11/08 4:28:34 PM PST","638666798504980000","Player2","Level2","6.32141","-18.12499","3"
"2024/11/08 4:28:35 PM PST","638666798504980000","Player1","Level2","11.78751","16.68351","3"
"2024/11/08 4:28:47 PM PST","638666798504980000","Player1","Level2","0.7474711","0.4835415","3"
"2024/11/08 4:28:48 PM PST","638666798504980000","Player2","Level2","-26.29077","-0.4899871","3"
"2024/11/08 4:29:01 PM PST","638666798504980000","Player1","Level2","-11.00757","19.5165","3"
"2024/11/08 4:29:29 PM PST","638666798504980000","Player1","Level2","21.3155","18.98751","3"
"2024/11/08 4:29:29 PM PST","638666798504980000","Player2","Level2","-26.29077","-0.4899871","3"
"2024/11/08 4:30:30 PM PST","638666798504980000","Player2","Level3","-22.16236","-2.308925","3"
"2024/11/08 4:30:47 PM PST","638666798504980000","Player2","Level3","-11.47284","0.8110646","3"
"2024/11/08 4:31:43 PM PST","638666798504980000","Player1","Level3","-29.57978","5.489977","3"
"2024/11/08 4:31:47 PM PST","638666798504980000","Player1","Level3","-18.59556","6.749996","3"
"2024/11/08 4:31:54 PM PST","638666798504980000","Player2","Level3","-11.58305","0.7340015","3"
"2024/11/08 4:32:22 PM PST","638666798504980000","Player2","Level3","4.834994","14.24501","3"
"2024/11/08 4:32:35 PM PST","638666798504980000","Player2","Level3","-9.710276","1.509992","3"
"2024/11/08 4:32:38 PM PST","638666798504980000","Player2","Level3","-26.34999","-1.49","3"
"2024/11/08 4:32:49 PM PST","638666798504980000","Player2","Level3","-11.65197","0.7340015","3"
"2024/11/08 4:32:56 PM PST","638666798504980000","Player2","Level3","-12.51003","0.8220022","3"
"2024/11/08 4:33:02 PM PST","638666798504980000","Player2","Level3","-12.45148","0.7340015","3"
"2024/11/08 4:33:07 PM PST","638666798504980000","Player2","Level3","-12.51003","0.7540022","3"
"2024/11/08 4:33:59 PM PST","638666798504980000","Player1","Level3","-15.08999","16.922","3"
"2024/11/08 4:34:02 PM PST","638666798504980000","Player1","Level3","-22.50241","2.669985","3"
"2024/11/08 4:34:07 PM PST","638666798504980000","Player2","Level3","-12.49512","0.7340015","3"
"2024/11/08 4:34:12 PM PST","638666798504980000","Player2","Level3","-12.00915","0.7340015","3"
"2024/11/08 4:34:45 PM PST","638666798504980000","Player2","Level3","8.738103","14.92691","3"
"2024/11/08 4:34:50 PM PST","638666798504980000","Player2","Level3","-18.34025","-18.80999","3"
"2024/11/08 4:35:35 PM PST","638666798504980000","Player2","Level3","4.720774","15.51002","3"
"2024/11/08 4:35:47 PM PST","638666798504980000","Player1","Level3","-17.60035","7.510012","3"
"2024/11/08 4:39:02 PM PST","638666798504980000","Player1","Level4","20.24999","18.522","3"
"2024/11/08 4:39:09 PM PST","638666798504980000","Player2","Level4","-21.76317","-18.58203","3"
"2024/11/08 4:39:49 PM PST","638666798504980000","Player1","Level4","8.509982","18.73398","3"
"2024/11/08 4:39:56 PM PST","638666798504980000","Player2","Level4","-23.57736","-18.52204","3"
"2024/11/08 4:40:02 PM PST","638666798504980000","Player2","Level4","-22.36909","-18.89804","3"
"2024/11/08 4:40:11 PM PST","638666798504980000","Player2","Level4","12.29964","-18.734","3"
"2024/11/08 4:40:26 PM PST","638666798504980000","Player1","Level4","-15.89996","18.714","3"
"2024/11/08 4:40:40 PM PST","638666798504980000","Player2","Level4","12.61673","-18.734","3"
"2024/11/08 4:40:46 PM PST","638666798504980000","Player2","Level4","-22.86413","-18.79804","3"
"2024/11/08 4:40:50 PM PST","638666798504980000","Player2","Level4","8.112465","-18.734","3"
"2024/11/08 4:41:24 PM PST","638666798504980000","Player1","Level4","8.915491","18.94748","3"
"2024/11/08 4:41:38 PM PST","638666798504980000","Player2","Level4","20.72219","-18.82804","3"
"2024/11/08 4:41:43 PM PST","638666798504980000","Player2","Level4","-23.62798","-18.52203","3"
"2024/11/08 4:41:48 PM PST","638666798504980000","Player2","Level4","-23.27866","-18.81805","3"
"2024/11/08 4:46:28 PM PST","638666798504980000","Player2","Level4","1.170449","-18.24499","3"
"2024/11/08 4:46:32 PM PST","638666798504980000","Player2","Level4","-1.366574","2.510002","3"
"2024/11/08 4:46:42 PM PST","638666798504980000","Player2","Level4","-1.129964","2.154027","3"
"2024/11/08 4:46:47 PM PST","638666798504980000","Player2","Level4","-23.58018","-18.78604","3"
"2024/11/08 4:47:03 PM PST","638666798504980000","Player2","Level4","3.173283","-18.64105","3"
"2024/11/08 4:47:05 PM PST","638666798504980000","Player2","Level4","-22.34474","-18.75401","3"
"2024/11/08 4:47:07 PM PST","638666798504980000","Player2","Level4","-30.5","-18.714","3"
"2024/11/08 4:47:09 PM PST","638666798504980000","Player2","Level4","-30.5","-18.714","3"
"2024/11/08 4:47:11 PM PST","638666798504980000","Player2","Level4","-25.69879","-18.714","3"
"2024/11/08 4:47:13 PM PST","638666798504980000","Player2","Level4","-22.69995","-18.87106","3"
"2024/11/08 4:47:17 PM PST","638666798504980000","Player2","Level4","1.510016","1.757996","3"
"2024/11/08 4:47:31 PM PST","638666798504980000","Player2","Level4","-30.46","-18.53401","3"
"2024/11/08 4:53:47 PM PST","638666814515440000","Player2","Level1","-4.444994","-12.39574","3"
"2024/11/08 4:54:46 PM PST","638666814515440000","Player1","Level2","-26.29998","0.4899802","3"
"2024/11/08 4:55:03 PM PST","638666814515440000","Player1","Level2","-11.49","18.722","3"
"2024/11/08 4:55:36 PM PST","638666814515440000","Player1","Level2","-15.91206","0.7860022","3"
"2024/11/08 4:58:11 PM PST","638666814515440000","Player2","Level2","-5.910073","-18.94604","3"
"2024/11/08 4:58:21 PM PST","638666814515440000","Player1","Level2","-26.29998","0.4899802","3"
"2024/11/08 4:59:34 PM PST","638666814515440000","Player1","Level2","-3.175658","0.3466671","3"
"2024/11/08 5:06:26 PM PST","638666814515440000","Player1","Level3","-19.66669","6.749995","3"
"2024/11/08 5:06:26 PM PST","638666814515440000","Player2","Level3","-13.44647","-18.714","3"
"2024/11/08 5:06:36 PM PST","638666814515440000","Player1","Level3","-17.60203","7.409971","3"
"2024/11/08 5:09:03 PM PST","638666824163430000","Player2","Level1","-4.199882","-12.39574","3"
"2024/11/08 5:09:25 PM PST","638666824163430000","Player2","Level1","-4.160989","-11.87992","3"
"2024/11/08 5:10:04 PM PST","638666824163430000","Player2","Level1","11.51","-14.68999","3"
"2024/11/08 5:12:28 PM PST","638666824163430000","Player1","Level2","0.5099451","1.286006","3"
"2024/11/08 5:12:32 PM PST","638666824163430000","Player2","Level2","-25.48997","-18.71399","3"
"2024/11/08 5:12:38 PM PST","638666824163430000","Player1","Level2","-16.29255","1.286002","3"
"2024/11/08 5:12:45 PM PST","638666824163430000","Player1","Level2","-11.49","18.59397","3"
"2024/11/08 5:13:12 PM PST","638666824163430000","Player2","Level2","15.79592","-18.56903","3"
"2024/11/08 5:13:23 PM PST","638666824163430000","Player2","Level2","7.915177","-18.12499","3"
"2024/11/08 5:13:36 PM PST","638666824163430000","Player1","Level2","3.437502","16.57227","3"
"2024/11/08 5:13:45 PM PST","638666824163430000","Player1","Level2","-2.290029","0.4835014","3"
"2024/11/08 5:13:45 PM PST","638666824163430000","Player2","Level2","9.986522","-18.06496","3"
"2024/11/08 5:13:50 PM PST","638666824163430000","Player2","Level2","-4.934081","-18.73397","3"
"2024/11/08 5:13:50 PM PST","638666824163430000","Player1","Level2","-11.48884","18.722","3"
"2024/11/08 5:13:53 PM PST","638666824163430000","Player2","Level2","-26.49622","-18.714","3"
"2024/11/08 5:14:04 PM PST","638666824163430000","Player1","Level2","-10.12662","13.7475","3"
"2024/11/08 5:14:05 PM PST","638666824163430000","Player2","Level2","-26.29077","-0.4899871","3"
"2024/11/08 5:14:14 PM PST","638666824163430000","Player2","Level2","2.719078","-18.714","3"
"2024/11/08 5:14:14 PM PST","638666824163430000","Player1","Level2","-12.01162","18.92601","3"
"2024/11/08 5:15:15 PM PST","638666824163430000","Player2","Level2","12.47505","-18.73403","3"
"2024/11/10 9:55:37 AM PST","638668292167290000","Player1","Level1","-17.49203","14.57225","3"
"2024/11/10 9:55:50 AM PST","638668292167290000","Player2","Level1","11.84628","-11.87991","3"
"2024/11/10 9:56:30 AM PST","638668292167290000","Player1","Level2","-15.61834","18.714","3"
"2024/11/10 9:56:36 AM PST","638668292167290000","Player1","Level2","-12.69995","18.66505","3"
"2024/11/10 9:56:43 AM PST","638668292167290000","Player1","Level2","-16.28902","1.286002","3"
"2024/11/10 9:56:58 AM PST","638668292167290000","Player1","Level2","-7.030586","12.71403","3"
"2024/11/10 9:57:20 AM PST","638668292167290000","Player1","Level2","8.845507","16.57227","3"
"2024/11/10 9:58:13 AM PST","638668292167290000","Player2","Level3","-11.55876","0.7340015","3"
"2024/11/10 9:58:19 AM PST","638668292167290000","Player2","Level3","-22.37803","-2.286006","3"
"2024/11/10 9:59:47 AM PST","638668292167290000","Player2","Level3","-13.59","11.51","3"
"2024/11/10 10:00:32 AM PST","638668292167290000","Player1","Level3","-14.85601","17.5155","3"
"2024/11/10 10:00:36 AM PST","638668292167290000","Player2","Level3","-26.34999","-1.49","3"
"2024/11/10 10:01:00 AM PST","638668292167290000","Player2","Level3","4.234992","14.74502","3"
"2024/11/10 10:01:02 AM PST","638668292167290000","Player1","Level3","-23.44999","3.510001","3"
"2024/11/10 10:01:13 AM PST","638668292167290000","Player1","Level3","-19.27006","6.749995","3"
"2024/11/10 10:01:20 AM PST","638668292167290000","Player2","Level3","-11.53555","0.7340015","3"
"2024/11/10 10:01:23 AM PST","638668292167290000","Player2","Level3","-26.08727","-1.923977","3"
"2024/11/10 10:01:29 AM PST","638668292167290000","Player2","Level3","-11.45483","0.8110684","3"
"2024/11/10 10:01:35 AM PST","638668292167290000","Player2","Level3","-11.60209","0.6740016","3"
"2024/11/10 10:01:56 AM PST","638668292167290000","Player2","Level3","2.834992","14.74502","3"
"2024/11/10 10:02:19 AM PST","638668292167290000","Player2","Level3","8.457438","14.70879","3"
"2024/11/10 10:02:30 AM PST","638668292167290000","Player2","Level3","-12.46372","0.7340015","3"
"2024/11/10 10:03:09 AM PST","638668292167290000","Player2","Level3","-13.74225","11.21397","3"
"2024/11/10 10:03:23 AM PST","638668292167290000","Player2","Level3","-12.45192","0.7340015","3"
"2024/11/10 10:04:24 AM PST","638668292167290000","Player2","Level3","-12.95","9.290757","3"
"2024/11/10 10:04:29 AM PST","638668292167290000","Player2","Level3","-26.34999","-1.49","3"
"2024/11/10 10:06:12 AM PST","638668292167290000","Player2","Level4","-17.48998","-18.65404","3"
"2024/11/10 10:06:18 AM PST","638668292167290000","Player2","Level4","-21.38595","-18.75405","3"
"2024/11/10 10:06:28 AM PST","638668292167290000","Player1","Level4","-14.0845","19.0122","3"
"2024/11/10 10:06:34 AM PST","638668292167290000","Player2","Level4","-27.93137","-18.71403","3"
"2024/11/10 10:07:02 AM PST","638668292167290000","Player2","Level4","6.511259","-18.53712","3"
"2024/11/10 10:07:12 AM PST","638668292167290000","Player2","Level4","-23.89474","-18.50604","3"
"2024/11/10 10:07:18 AM PST","638668292167290000","Player2","Level4","-21.95754","-18.78603","3"
"2024/11/10 10:07:28 AM PST","638668292167290000","Player1","Level4","-8.361344","0.4835014","3"
"2024/11/10 10:07:36 AM PST","638668292167290000","Player2","Level4","-31.02797","-18.92604","3"
"2024/11/10 10:07:40 AM PST","638668292167290000","Player2","Level4","-23.12947","-18.71403","3"
"2024/11/10 10:07:44 AM PST","638668292167290000","Player2","Level4","-22.24966","-18.71403","3"
"2024/11/10 10:07:49 AM PST","638668292167290000","Player2","Level4","11.68441","-18.734","3"
"2024/11/10 10:07:53 AM PST","638668292167290000","Player2","Level4","-27.96008","-18.90203","3"
"2024/11/10 10:07:57 AM PST","638668292167290000","Player2","Level4","-17.48998","-18.67804","3"
"2024/11/10 10:08:03 AM PST","638668292167290000","Player2","Level4","-24.31539","-18.87403","3"
"2024/11/10 10:08:27 AM PST","638668292167290000","Player2","Level4","15.55001","-0.4897762","3"
"2024/11/10 10:08:34 AM PST","638668292167290000","Player2","Level4","-17.48997","-18.65404","3"
"2024/11/10 10:08:40 AM PST","638668292167290000","Player2","Level4","-30.99376","-18.90603","3"
"2024/11/10 10:08:46 AM PST","638668292167290000","Player2","Level4","-23.39876","-18.79403","3"
"2024/11/10 10:08:52 AM PST","638668292167290000","Player2","Level4","13.29936","-18.734","3"
"2024/11/10 10:08:55 AM PST","638668292167290000","Player2","Level4","-23.60186","-18.71403","3"
"2024/11/10 10:09:34 AM PST","638668292167290000","Player1","Level4","19.05405","1.126877","3"
"2024/11/10 10:09:38 AM PST","638668292167290000","Player2","Level4","-28.81067","-18.71403","3"
"2024/11/10 10:09:52 AM PST","638668292167290000","Player1","Level4","4.510026","-1.664972","3"
"2024/11/10 10:09:58 AM PST","638668292167290000","Player2","Level4","-21.9179","-18.87403","3"
"2024/11/10 10:10:01 AM PST","638668292167290000","Player2","Level4","-26.13766","-18.52203","3"
"2024/11/10 10:10:07 AM PST","638668292167290000","Player2","Level4","-17.88028","-18.71403","3"
"2024/11/10 10:10:11 AM PST","638668292167290000","Player2","Level4","-21.06372","-18.65404","3"
"2024/11/10 10:10:24 AM PST","638668292167290000","Player1","Level4","-17.40002","18.9955","3"
"2024/11/10 10:10:27 AM PST","638668292167290000","Player2","Level4","-26.29698","-18.714","3"
"2024/11/10 10:10:27 AM PST","638668292167290000","Player1","Level4","-22.96596","18.71399","3"
"2024/11/10 10:10:30 AM PST","638668292167290000","Player2","Level4","-18.45","-18.71403","3"
"2024/11/10 10:10:34 AM PST","638668292167290000","Player2","Level4","-21.81915","-18.91004","3"
"2024/11/10 10:10:38 AM PST","638668292167290000","Player2","Level4","-17.48997","-18.65403","3"
"2024/11/10 10:10:46 AM PST","638668292167290000","Player2","Level4","-25.67161","-18.52203","3"
"2024/11/10 10:11:11 AM PST","638668292167290000","Player1","Level4","8.915491","18.94748","3"
"2024/11/10 10:11:21 AM PST","638668292167290000","Player1","Level4","-17.3","18.9955","3"
"2024/11/10 10:11:25 AM PST","638668292167290000","Player2","Level4","-26.27324","-18.58603","3"
"2024/11/10 10:11:29 AM PST","638668292167290000","Player2","Level4","11.31192","-18.734","3"
"2024/11/10 10:11:41 AM PST","638668292167290000","Player2","Level4","-1.933167","-18.07091","3"
"2024/11/10 5:46:15 PM PST","638668575450879820","Player2","Level1","2.567184","-14.09876","3"
"2024/11/10 5:46:40 PM PST","638668575450879820","Player1","Level2","-8.64498","12.73073","3"
"2024/11/10 5:46:56 PM PST","638668575450879820","Player2","Level2","9.361614","14.24503","3"
"2024/11/10 5:47:17 PM PST","638668575450879820","Player1","Level2","1.110001","16.51001","3"
"2024/11/10 5:52:19 PM PST","638668578757662670","Player2","Level2","19.71243","-11.51001","3"
"2024/11/10 5:52:48 PM PST","638668578757662670","Player1","Level2","21.45583","18.71402","3"
"2024/11/10 5:53:21 PM PST","638668578757662670","Player1","Level2","21.49513","18.81003","3"
"2024/11/10 5:53:35 PM PST","638668578757662670","Player1","Level2","-2.090029","1.286002","3"
"2024/11/10 5:53:50 PM PST","638668578757662670","Player1","Level2","5.713504","16.57227","3"
"2024/11/10 5:54:16 PM PST","638668578757662670","Player1","Level2","-7.110042","12.71403","3"
"2024/11/10 6:59:11 PM PST","638668619360509540","Player1","Level1","-6.849539","14.57224","3"
"2024/11/10 7:59:23 PM PST","638668655510492380","Player2","Level2","-11.49524","-18.76997","3"
"2024/11/10 7:59:47 PM PST","638668655510492380","Player1","Level2","1.183023","16.52633","3"
"2024/11/10 8:00:48 PM PST","638668655510492380","Player2","Level3","0.5349965","-18.17498","3"
"2024/11/10 8:00:53 PM PST","638668655510492380","Player2","Level3","-12.51003","0.8460022","3"
"2024/11/10 8:01:38 PM PST","638668655510492380","Player2","Level3","7.269978","14.73402","3"
"2024/11/11 12:32:26 PM PST","638669251396380870","Player2","Level4","-24.37733","-18.52203","3"
"2024/11/11 1:11:08 PM PST","638669273753181660","Player2","Level1","-26.00091","-7.74753","4"
"2024/11/11 1:12:23 PM PST","638669274993436660","Player1","Level0","1.108811","10.08108","4"
"2024/11/11 1:15:20 PM PST","638669275664692340","Player2","Level2","0.5349981","-18.71398","4"
"2024/11/11 1:15:32 PM PST","638669275664692340","Player1","Level2","-20.24001","6.694848","4"
"2024/11/11 1:16:40 PM PST","638669275664692340","Player2","Level2","-13.67004","11.51","4"
"2024/11/11 1:17:32 PM PST","638669275664692340","Player2","Level2","-14.18235","3.285996","4"
"2024/11/11 1:19:45 PM PST","638669275664692340","Player1","Level2","31.51001","18.71","4"
"2024/11/11 1:19:48 PM PST","638669275664692340","Player2","Level2","-22.49005","-2.308908","4"
"2024/11/11 1:19:59 PM PST","638669275664692340","Player1","Level2","-29.55057","5.489977","4"
"2024/11/11 1:20:43 PM PST","638669275664692340","Player2","Level2","-14.07169","3.285994","4"
"2024/11/11 1:20:46 PM PST","638669275664692340","Player2","Level2","-26.34999","-1.49","4"
"2024/11/11 1:20:52 PM PST","638669275664692340","Player1","Level2","-23.41558","3.429982","4"
"2024/11/11 1:20:59 PM PST","638669275664692340","Player2","Level2","-12.51003","0.8100021","4"
"2024/11/11 1:22:19 PM PST","638669275664692340","Player2","Level2","23.73025","-13.23395","4"
"2024/11/11 1:22:21 PM PST","638669275664692340","Player2","Level2","-22.49004","-2.269345","4"
"2024/11/11 1:22:31 PM PST","638669275664692340","Player2","Level2","-11.53749","0.7340015","4"
"2024/11/11 1:22:57 PM PST","638669275664692340","Player1","Level2","-24.24952","16.57226","4"
"2024/11/11 1:23:00 PM PST","638669275664692340","Player2","Level2","-26.34999","-1.49","4"
"2024/11/11 1:23:44 PM PST","638669275664692340","Player2","Level2","1.549015","11.75739","4"
"2024/11/11 1:23:46 PM PST","638669275664692340","Player2","Level2","-22.49002","-2.269267","4"
"2024/11/11 1:23:52 PM PST","638669275664692340","Player1","Level2","-18.64997","6.749996","4"
"2024/11/11 3:28:24 PM PST","638669356726990000","Player1","Level0","26.48804","9.478072","4"
"2024/11/11 4:34:22 PM PST","638669396417944170","Player1","Level0","25.66217","9.932347","4"
"2024/11/11 4:34:36 PM PST","638669396417944170","Player1","Level0","0.1350002","10.835","4"
"2024/11/11 4:34:42 PM PST","638669396417944170","Player2","Level0","-6.039953","8.789961","4"
"2024/11/11 4:35:09 PM PST","638669396417944170","Player2","Level0","20.04949","-8.700901","4"
"2024/11/11 4:36:37 PM PST","638669396417944170","Player2","Level2","-11.54995","0.7340015","4"
"2024/11/11 4:36:42 PM PST","638669396417944170","Player2","Level2","-22.49005","-2.216963","4"
"2024/11/11 4:36:44 PM PST","638669396417944170","Player2","Level2","-25.38109","-2.269267","4"
"2024/11/11 4:37:07 PM PST","638669396417944170","Player1","Level2","-21.97994","16.57226","4"
"2024/11/11 4:38:53 PM PST","638669396417944170","Player1","Level0","27.73499","-9.325038","4"
"2024/11/11 4:39:52 PM PST","638669396417944170","Player2","Level1","20.70996","14.69","4"
"2024/11/11 4:40:34 PM PST","638669396417944170","Player1","Level2","-19.64999","3.316836","4"
"2024/11/11 4:41:19 PM PST","638669396417944170","Player2","Level2","-13.90032","3.285995","4"
"2024/11/11 4:41:23 PM PST","638669396417944170","Player2","Level2","-22.49005","-2.269386","4"
"2024/11/11 4:41:53 PM PST","638669396417944170","Player2","Level2","-13.74221","11.23401","4"
"2024/11/11 4:45:47 PM PST","638669401976844450","Player1","Level2","31.51001","18.658","4"
"2024/11/11 4:45:50 PM PST","638669401976844450","Player1","Level2","-19.65","3.503546","4"
"2024/11/11 4:45:55 PM PST","638669401976844450","Player2","Level2","-26.34999","-1.49","4"
"2024/11/11 4:47:01 PM PST","638669401976844450","Player1","Level2","25.18776","16.914","4"
"2024/11/11 4:48:10 PM PST","638669401976844450","Player1","Level2","31.51","18.53","4"
"2024/11/11 4:48:39 PM PST","638669401976844450","Player2","Level2","-14.50998","10.72199","4"
"2024/11/11 4:49:28 PM PST","638669401976844450","Player1","Level2","19.04749","0.2525204","4"
"2024/11/11 5:21:02 PM PST","638669423739540580","Player2","Level1","-26.06495","-7.74754","4"
"2024/11/11 5:21:58 PM PST","638669423739540580","Player2","Level2","-12.51003","0.8340021","4"
"2024/11/11 5:23:06 PM PST","638669423739540580","Player2","Level2","23.52001","-14.44997","4"
"2024/11/11 5:24:10 PM PST","638669423739540580","Player1","Level2","31.51","18.554","4"
"2024/11/11 5:24:15 PM PST","638669423739540580","Player2","Level2","-26.34999","-1.49","4"
"2024/11/11 5:25:06 PM PST","638669423739540580","Player1","Level2","19.04749","0.2525204","4"